{
  "accelerometer": {
    "offset": [
      -858.4046228753033,
      741.8329687661901,
      -2091.9229269514776
    ],
    "transform_matrix": [
      [
        5.560695995179562e-05,
        0.0,
        0.0
      ],
      [
        -1.3513913561237626e-06,
        5.79974509412671e-05,
        0.0
      ],
      [
        -9.288172968399104e-07,
        6.942759480898086e-06,
        5.624269854102426e-05
      ]
    ],
    "residuals": {
      "mean_abs_radius_error": 0.09744817258124848,
      "std_radius": 0.12900256613376052,
      "min_radius": 0.4918664689270331,
      "max_radius": 1.4660426472115937
    }
  },
  "magnetometer": {
    "offset": [
      691.8168145145127,
      1589.3539091584666,
      1318.250867965848
    ],
    "transform_matrix": [
      [
        0.00036985406418354625,
        0.0,
        0.0
      ],
      [
        -6.911141855940227e-06,
        0.00032510032368534403,
        0.0
      ],
      [
        -1.4055811714088936e-05,
        -1.7289136129595247e-05,
        0.00037659713525118005
      ]
    ],
    "residuals": {
      "mean_abs_radius_error": 0.06002330842224911,
      "std_radius": 0.07391123961710784,
      "min_radius": 0.5989828964507301,
      "max_radius": 1.1670022529731807
    }
  },
  "gyroscope": {
    "bias_native_units": [
      232.69514925373142,
      1698.7420522388059,
      2809.014440298508
    ],
    "note": "Convert to rad/s using: omega_rad_s = (raw - bias) * (pi/180) / sensitivity_dps_per_lsb. You must provide the sensor sensitivity."
  }
}
